<bot schemaname="cr264_personalAssistantBot">
  <authenticationconfiguration>{
  "connectionName": "3d7b2916-b0f2-4e3f-99ef-967e0c2e3574"
}</authenticationconfiguration>
  <authenticationmode>3</authenticationmode>
  <authenticationtrigger>0</authenticationtrigger>
  <iscustomizable>0</iscustomizable>
  <language>1033</language>
  <name>Personal Assistant Bot</name>
  <runtimeprovider>0</runtimeprovider>
  <synchronizationstatus>{
  "contentVersion": 2,
  "lastFinishedPublishOperation": {
    "userId": "d07ce637-e697-4193-9a87-4b0da2c4a415",
    "operationStart": "2023-03-28T15:41:00.7922869Z",
    "operationEnd": "2023-03-28T15:41:04.3036872Z",
    "status": "Succeeded"
  },
  "lastPublishedOnUtc": "2023-03-28T15:41:03Z"
}</synchronizationstatus>
  <template>default-2.0.0</template>
  <timezoneruleversionnumber>0</timezoneruleversionnumber>
</bot>